{
  "intents": [
    {
      "tag": "burn",
      "patterns": [
        "I burned myself",
        "burn injury",
        "hot water burn",
        "fire burn",
        "skin burn from stove",
        "I touched something hot"
      ],
      "responses": [
        "Run cool (not cold) water over the burn for 10-15 minutes or apply a clean, cool, wet cloth.",
        "Do not apply ice, butter, or any ointments.",
        "Cover the burn with a sterile, non-adhesive bandage or clean cloth.",
        "Seek medical attention if the burn is large, blistering, or caused by chemicals/electricity."
      ],
      "category": "First Aid"
    },
    {
      "tag": "fracture",
      "patterns": [
        "I think I broke my bone",
        "Possible fracture",
        "I fell and hurt my arm",
        "swollen and painful bone",
        "broken leg",
        "bone injury"
      ],
      "responses": [
        "Immobilize the affected area and do not try to realign the bone.",
        "Apply a cold pack to reduce swelling.",
        "Elevate the limb if possible.",
        "Seek immediate medical attention or go to the emergency room."
      ],
      "category": "First Aid"
    },
    {
      "tag": "nosebleed",
      "patterns": [
        "My nose is bleeding",
        "How to stop a nosebleed",
        "Blood coming from nose",
        "I got hit in the nose",
        "nose injury"
      ],
      "responses": [
        "Sit up straight and lean forward slightly. Do not tilt your head back.",
        "Pinch the soft part of your nose shut with your thumb and index finger.",
        "Hold for 10 minutes while breathing through your mouth.",
        "Avoid blowing your nose or bending down for several hours afterward."
      ],
      "category": "First Aid"
    },
    {
      "tag": "choking",
      "patterns": [
        "Someone is choking",
        "He can't breathe",
        "food stuck in throat",
        "choking on something",
        "blocked airway"
      ],
      "responses": [
        "Ask the person if they can speak or cough. If not, they may be choking.",
        "Call emergency services immediately.",
        "Perform abdominal thrusts (Heimlich maneuver) if trained.",
        "If the person becomes unresponsive, begin CPR and continue until help arrives."
      ],
      "category": "First Aid"
    },
    {
      "tag": "sprain",
      "patterns": [
        "I twisted my ankle",
        "My wrist is swollen",
        "possible sprain",
        "ankle injury",
        "fell and twisted leg"
      ],
      "responses": [
        "Use the R.I.C.E. method: Rest, Ice, Compression, Elevation.",
        "Apply ice for 15\u00e2\u20ac\u201c20 minutes every 2\u00e2\u20ac\u201c3 hours for the first 48 hours.",
        "Wrap the area with an elastic bandage but don\u00e2\u20ac\u2122t cut off circulation.",
        "Avoid putting weight on the affected joint and seek medical advice if swelling or pain persists."
      ],
      "category": "First Aid"
    },
    {
      "tag": "bee_sting",
      "patterns": [
        "I got stung by a bee",
        "bee sting",
        "swelling after insect sting",
        "painful sting on my skin"
      ],
      "responses": [
        "Remove the stinger as quickly as possible using a scraping motion.",
        "Wash the area with soap and water.",
        "Apply a cold pack to reduce swelling and pain.",
        "Take an antihistamine if needed. Seek emergency care if you experience difficulty breathing or swelling of the face or throat."
      ],
      "category": "First Aid"
    },
    {
      "tag": "fainting",
      "patterns": [
        "Someone fainted",
        "I blacked out",
        "lost consciousness",
        "feeling dizzy and fell",
        "I passed out"
      ],
      "responses": [
        "Lay the person flat on their back and elevate their legs.",
        "Loosen any tight clothing and make sure there is fresh air.",
        "Do not give them anything to eat or drink until they regain full consciousness.",
        "If the person does not regain consciousness within 1 minute, call emergency services."
      ],
      "category": "First Aid"
    },
    {
      "tag": "cuts",
      "patterns": [
        "I have a deep cut",
        "bleeding wound",
        "cut from knife",
        "I injured my finger",
        "open wound"
      ],
      "responses": [
        "Clean the wound with clean water to remove debris.",
        "Apply direct pressure with a sterile bandage to stop bleeding.",
        "Apply an antibiotic ointment and cover the cut.",
        "Seek medical help if the cut is deep, won't stop bleeding, or may require stitches."
      ],
      "category": "First Aid"
    },
    {
      "tag": "electric_shock",
      "patterns": [
        "I got an electric shock",
        "electrical injury",
        "shock from socket",
        "current passed through me"
      ],
      "responses": [
        "Turn off the power source if it's safe to do so.",
        "Do not touch the person until the power is off.",
        "Check for breathing and pulse; perform CPR if necessary.",
        "Call emergency services immediately."
      ],
      "category": "First Aid"
    },
    {
      "tag": "seizure",
      "patterns": [
        "Someone is having a seizure",
        "convulsions",
        "body shaking uncontrollably",
        "epileptic attack"
      ],
      "responses": [
        "Move objects away to prevent injury.",
        "Do not restrain the person or put anything in their mouth.",
        "Place them on their side if possible to keep the airway clear.",
        "Stay with them and call emergency services if it lasts more than 5 minutes."
      ],
      "category": "First Aid"
    },
    {
      "tag": "poisoning",
      "patterns": [
        "I think I was poisoned",
        "ate something toxic",
        "chemical ingestion",
        "accidentally took wrong medicine"
      ],
      "responses": [
        "Call poison control or emergency services immediately.",
        "Do not induce vomiting unless directed by professionals.",
        "If unconscious or having difficulty breathing, perform CPR and seek help immediately.",
        "Keep any containers or labels to show the medical team."
      ],
      "category": "First Aid"
    },
    {
      "tag": "eye_injury",
      "patterns": [
        "Something got in my eye",
        "eye injury",
        "chemical in my eye",
        "my eye is bleeding"
      ],
      "responses": [
        "Rinse the eye with clean water or saline for at least 15 minutes.",
        "Do not rub the eye or try to remove any embedded object.",
        "Cover the eye with a clean cloth and seek immediate medical help.",
        "For chemical injuries, flush continuously and rush to emergency care."
      ],
      "category": "First Aid"
    },
    {
      "tag": "asthma_attack",
      "patterns": [
        "I'm having an asthma attack",
        "can't breathe properly",
        "shortness of breath",
        "chest tightness"
      ],
      "responses": [
        "Help the person sit upright and stay calm.",
        "Assist them with their inhaler (usually a quick-relief inhaler).",
        "If symptoms do not improve after inhaler use, call emergency services.",
        "Do not leave the person alone until help arrives."
      ],
      "category": "First Aid"
    },
    {
      "tag": "heatstroke",
      "patterns": [
        "I feel overheated",
        "dizzy and sweating a lot",
        "heatstroke symptoms",
        "exhausted in sun"
      ],
      "responses": [
        "Move the person to a cooler environment immediately.",
        "Apply cool, wet cloths or use a fan to lower body temperature.",
        "Give sips of water if conscious and alert.",
        "Seek emergency help if confusion, vomiting, or unconsciousness occurs."
      ],
      "category": "First Aid"
    },
    {
      "tag": "hypothermia",
      "patterns": [
        "I'm freezing",
        "too cold and shivering",
        "extremely cold exposure",
        "possible hypothermia"
      ],
      "responses": [
        "Move to a warm, dry area immediately.",
        "Remove any wet clothing and cover with warm blankets.",
        "Use body heat or warm drinks (non-alcoholic, non-caffeinated) if alert.",
        "Call for emergency help immediately."
      ],
      "category": "First Aid"
    },
    {
      "tag": "snake_bite",
      "patterns": [
        "I was bitten by a snake",
        "venomous snake bite",
        "poisonous bite",
        "swelling after snake bite"
      ],
      "responses": [
        "Keep the person calm and still to slow the spread of venom.",
        "Keep the affected limb immobilized and below heart level.",
        "Do not suck out the venom or apply a tourniquet.",
        "Call emergency services and seek antivenom treatment ASAP."
      ],
      "category": "First Aid"
    },
    {
      "tag": "drowning",
      "patterns": [
        "Someone is drowning",
        "person under water",
        "can't swim",
        "fell in pool"
      ],
      "responses": [
        "Call for emergency help immediately.",
        "Only enter the water if it's safe and you\u00e2\u20ac\u2122re trained to do so.",
        "If rescued, check for breathing and pulse.",
        "Begin CPR if unresponsive until help arrives."
      ],
      "category": "First Aid"
    },
    {
      "tag": "dog_bite",
      "patterns": [
        "I was bitten by a dog",
        "dog bite wound",
        "bleeding from dog bite",
        "injured by stray dog"
      ],
      "responses": [
        "Clean the wound with soap and running water for 5-10 minutes.",
        "Apply an antiseptic and cover the wound.",
        "Seek medical attention and get a tetanus/rabies shot if needed.",
        "Report the bite to local authorities if the dog was stray or unknown."
      ],
      "category": "First Aid"
    },
    {
      "tag": "tooth_knocked_out",
      "patterns": [
        "I lost a tooth in a fall",
        "tooth got knocked out",
        "my tooth came out",
        "dental injury"
      ],
      "responses": [
        "Hold the tooth by the crown (top), not the root.",
        "Rinse it with clean water but do not scrub.",
        "Try to place it back in the socket or keep it in milk.",
        "Seek immediate dental care within 30 minutes for best results."
      ],
      "category": "First Aid"
    },
    {
      "tag": "head_injury",
      "patterns": [
        "I hit my head",
        "possible concussion",
        "bleeding from head",
        "head trauma"
      ],
      "responses": [
        "Apply cold compress to reduce swelling.",
        "Monitor for signs of concussion: nausea, confusion, drowsiness.",
        "Do not let the person sleep if symptoms are worsening.",
        "Seek medical help if there's bleeding, unconsciousness, or confusion."
      ],
      "category": "First Aid"
    },
    {
      "tag": "healthy_diet",
      "patterns": [
        "What is a healthy diet?",
        "Best food to stay fit?",
        "How should I eat to stay healthy?",
        "Tell me about balanced diet",
        "Foods that boost immunity"
      ],
      "responses": [
        "A healthy diet includes a balance of fruits, vegetables, whole grains, lean proteins, and healthy fats. Limit processed foods, sugary drinks, and red meats. Stay hydrated and eat in moderation for overall wellness."
      ],
      "category": "Health Faq"
    },
    {
      "tag": "exercise_benefits",
      "patterns": [
        "Why is exercise important?",
        "Benefits of physical activity",
        "Should I workout daily?",
        "How does exercise help the body?",
        "Effects of regular exercise"
      ],
      "responses": [
        "Regular exercise improves heart health, strengthens muscles, boosts mood, enhances immunity, and helps manage weight. Aim for at least 150 minutes of moderate exercise each week."
      ],
      "category": "Health Faq"
    },
    {
      "tag": "hydration",
      "patterns": [
        "How much water should I drink daily?",
        "Importance of staying hydrated",
        "Is drinking more water good?",
        "Signs of dehydration",
        "Best way to stay hydrated"
      ],
      "responses": [
        "Drinking 2\u00e2\u20ac\u201c3 liters (8\u00e2\u20ac\u201c12 cups) of water per day is generally recommended. Staying hydrated improves energy, skin health, digestion, and brain function. Increase intake during heat or physical activity."
      ],
      "category": "Health Faq"
    },
    {
      "tag": "sleep_health",
      "patterns": [
        "How much sleep do I need?",
        "Tips for better sleep",
        "Why is sleep important?",
        "I can't sleep well",
        "Healthy sleeping habits"
      ],
      "responses": [
        "Adults need 7\u00e2\u20ac\u201c9 hours of quality sleep nightly. Good sleep boosts memory, immunity, and mood. Maintain a consistent sleep schedule, avoid screens before bed, and create a calm environment."
      ],
      "category": "Health Faq"
    },
    {
      "tag": "mental_health",
      "patterns": [
        "How can I manage stress?",
        "Tips for mental well-being",
        "I feel anxious and low",
        "What is self-care?",
        "Ways to improve emotional health"
      ],
      "responses": [
        "To support mental health, practice mindfulness, exercise regularly, talk to supportive people, take breaks, and seek therapy if needed. Self-care is vital for emotional resilience and balance."
      ],
      "category": "Health Faq"
    },
    {
      "tag": "weight_loss",
      "patterns": [
        "How to lose weight safely?",
        "Best way to reduce fat",
        "I want to lose belly fat",
        "Tips to slim down",
        "Healthy weight loss plan"
      ],
      "responses": [
        "Focus on a calorie-controlled diet rich in whole foods, combined with regular exercise. Avoid crash diets. Consistency and lifestyle changes are key to healthy and sustainable weight loss."
      ],
      "category": "Health Faq"
    },
    {
      "tag": "diabetes_info",
      "patterns": [
        "What is diabetes?",
        "Symptoms of high blood sugar",
        "Can diabetes be reversed?",
        "Diet for diabetic people",
        "Living with diabetes"
      ],
      "responses": [
        "Diabetes is a condition where blood sugar levels are too high. Common symptoms include thirst, fatigue, and frequent urination. Healthy eating, regular exercise, and medication help manage it effectively."
      ],
      "category": "Health Faq"
    },
    {
      "tag": "heart_health",
      "patterns": [
        "How to keep my heart healthy?",
        "Heart-friendly foods",
        "Tips to avoid heart attack",
        "What causes heart disease?",
        "Heart health advice"
      ],
      "responses": [
        "Eat a heart-healthy diet low in saturated fats, exercise regularly, avoid smoking, and manage stress and blood pressure. Regular checkups and a healthy weight also reduce heart disease risk."
      ],
      "category": "Health Faq"
    },
    {
      "tag": "skin_care",
      "patterns": [
        "How to take care of my skin?",
        "Skincare routine tips",
        "Prevent acne naturally",
        "Best food for glowing skin",
        "Daily skincare advice"
      ],
      "responses": [
        "Cleanse daily, moisturize, use sunscreen, and stay hydrated. A diet rich in fruits, omega-3s, and low sugar helps skin health. Avoid touching your face frequently and always remove makeup before sleep."
      ],
      "category": "Health Faq"
    },
    {
      "tag": "cold_and_flu",
      "patterns": [
        "How to treat cold at home?",
        "Symptoms of flu",
        "Natural remedies for cough",
        "Cold vs flu",
        "Prevent catching cold"
      ],
      "responses": [
        "Rest, stay hydrated, use warm fluids, and inhale steam for congestion. Over-the-counter meds can ease symptoms. Handwashing and avoiding close contact help prevent transmission."
      ],
      "category": "Health Faq"
    },
    {
      "tag": "immunity_boost",
      "patterns": [
        "How to improve immunity?",
        "Best immunity boosters",
        "Can food increase immunity?",
        "Tips for stronger immune system",
        "Immunity during pandemic"
      ],
      "responses": [
        "Eat nutrient-rich foods (especially vitamin C, D, and zinc), stay active, sleep well, manage stress, and stay vaccinated. Avoid smoking and limit alcohol for better immune response."
      ],
      "category": "Health Faq"
    },
    {
      "tag": "covid_care",
      "patterns": [
        "What are COVID symptoms?",
        "Precautions for coronavirus",
        "When to test for COVID?",
        "Isolation tips for COVID",
        "How to recover from COVID?"
      ],
      "responses": [
        "Symptoms include fever, cough, fatigue, and loss of smell. Isolate, rest, stay hydrated, monitor oxygen, and seek medical care if symptoms worsen. Follow local health authority guidelines."
      ],
      "category": "Health Faq"
    },
    {
      "tag": "blood_pressure",
      "patterns": [
        "What is high blood pressure?",
        "How to control BP?",
        "Symptoms of hypertension",
        "Diet for blood pressure",
        "Risks of low BP"
      ],
      "responses": [
        "High blood pressure can lead to heart disease and stroke. Reduce salt, exercise regularly, manage stress, and take medications as prescribed. Regular monitoring is essential."
      ],
      "category": "Health Faq"
    },
    {
      "tag": "cholesterol",
      "patterns": [
        "What is cholesterol?",
        "How to reduce cholesterol?",
        "Good vs bad cholesterol",
        "Foods that lower cholesterol",
        "Cholesterol symptoms"
      ],
      "responses": [
        "Cholesterol is a fat-like substance in blood. LDL is bad; HDL is good. Avoid fried foods, eat oats, nuts, and exercise regularly. High cholesterol usually has no symptoms, so test regularly."
      ],
      "category": "Health Faq"
    },
    {
      "tag": "period_care",
      "patterns": [
        "How to manage period pain?",
        "Irregular periods cause",
        "Best hygiene during menstruation",
        "Foods to avoid during period",
        "Period advice for teens"
      ],
      "responses": [
        "Use heat pads, stay active, hydrate, and avoid caffeine for cramps. Maintain hygiene with regular pad changes and consider consulting a gynecologist if cycles are irregular."
      ],
      "category": "Health Faq"
    },
    {
      "tag": "pregnancy_tips",
      "patterns": [
        "How to stay healthy during pregnancy?",
        "What should pregnant women eat?",
        "Exercise during pregnancy",
        "Pregnancy do's and don'ts",
        "First trimester care"
      ],
      "responses": [
        "Eat a balanced diet, take prenatal vitamins, stay hydrated, and avoid alcohol and smoking. Gentle exercise and regular checkups ensure a healthy pregnancy. Always follow your doctor\u00e2\u20ac\u2122s advice."
      ],
      "category": "Health Faq"
    },
    {
      "tag": "back_pain",
      "patterns": [
        "How to relieve back pain?",
        "Lower back pain remedy",
        "Why does my back hurt?",
        "Stretches for back pain",
        "Sitting posture for back pain"
      ],
      "responses": [
        "Use proper posture, avoid long sitting hours, do stretches, and apply heat or cold. Strengthen core muscles and consider physical therapy if pain persists. Ergonomic furniture helps too."
      ],
      "category": "Health Faq"
    },
    {
      "tag": "eye_care",
      "patterns": [
        "How to protect my eyes?",
        "Eye exercises for computer users",
        "Avoid eye strain",
        "Best food for eyesight",
        "I have dry eyes"
      ],
      "responses": [
        "Follow the 20-20-20 rule: every 20 minutes, look 20 feet away for 20 seconds. Blink often, use proper lighting, and eat vitamin A-rich foods like carrots. Use artificial tears for dry eyes."
      ],
      "category": "Health Faq"
    },
    {
      "tag": "vitamin_deficiency",
      "patterns": [
        "Symptoms of vitamin deficiency",
        "Do I need supplements?",
        "Vitamin D importance",
        "Lack of vitamin C effects",
        "How to fix low B12?"
      ],
      "responses": [
        "Fatigue, weak immunity, hair loss, or brittle nails can indicate deficiencies. Include a variety of fruits, vegetables, and fortified foods in your diet. Get tested before starting supplements."
      ],
      "category": "Health Faq"
    },
    {
      "tag": "digestion_tips",
      "patterns": [
        "How to improve digestion?",
        "Foods for better gut health",
        "Home remedies for indigestion",
        "Why do I feel bloated?",
        "Tips for constipation"
      ],
      "responses": [
        "Eat fiber-rich foods, drink plenty of water, chew slowly, and avoid overeating. Probiotics like yogurt help. Stay active and manage stress for better gut function."
      ],
      "category": "Health Faq"
    },
    {
      "tag": "flu",
      "patterns": [
        "I have fever and chills",
        "Sore throat and cough",
        "I'm feeling weak and shivery",
        "I think I caught the flu",
        "My body aches with a runny nose"
      ],
      "responses": [
        "You might have the flu. Stay hydrated, rest, and consider over-the-counter medications. If symptoms persist beyond a few days or worsen, consult a doctor."
      ],
      "category": "Symptoms"
    },
    {
      "tag": "cold",
      "patterns": [
        "I have a runny nose and sneezing",
        "I'm coughing a lot",
        "My nose is blocked",
        "Mild fever with sore throat",
        "I think I have a cold"
      ],
      "responses": [
        "Sounds like a common cold. Stay warm, drink warm fluids, and rest. Use steam inhalation and nasal drops if needed."
      ],
      "category": "Symptoms"
    },
    {
      "tag": "migraine",
      "patterns": [
        "I have a severe headache",
        "Bright lights hurt my eyes",
        "I'm nauseous with headache",
        "Pulsating pain on one side of the head",
        "Is this a migraine?"
      ],
      "responses": [
        "This might be a migraine. Rest in a quiet dark room, avoid screens, and take prescribed pain relievers. Seek medical advice if frequent."
      ],
      "category": "Symptoms"
    },
    {
      "tag": "covid",
      "patterns": [
        "I lost my sense of smell",
        "I have a dry cough and fever",
        "I feel short of breath",
        "COVID symptoms?",
        "My throat hurts and I feel tired"
      ],
      "responses": [
        "These could be COVID-19 symptoms. Get tested immediately, isolate yourself, and follow local health authority guidelines."
      ],
      "category": "Symptoms"
    },
    {
      "tag": "food_poisoning",
      "patterns": [
        "I have stomach cramps and diarrhea",
        "I vomited after eating",
        "I feel nauseous after a meal",
        "Bad food made me sick",
        "Am I food poisoned?"
      ],
      "responses": [
        "This sounds like food poisoning. Stay hydrated, avoid solid foods temporarily, and visit a doctor if symptoms are severe or prolonged."
      ],
      "category": "Symptoms"
    },
    {
      "tag": "allergy",
      "patterns": [
        "I sneeze when I'm near dust",
        "My eyes are itchy and watery",
        "I think I have seasonal allergies",
        "I get rashes after eating peanuts",
        "I have allergic reactions"
      ],
      "responses": [
        "It may be an allergy. Avoid known triggers, use antihistamines, and consult a doctor for allergy tests and long-term care."
      ],
      "category": "Symptoms"
    },
    {
      "tag": "asthma",
      "patterns": [
        "I feel breathless often",
        "I'm wheezing and coughing",
        "Tightness in my chest",
        "I can't breathe during exercise",
        "Asthma symptoms?"
      ],
      "responses": [
        "These symptoms may indicate asthma. Use prescribed inhalers, avoid allergens, and consult a pulmonologist for proper diagnosis."
      ],
      "category": "Symptoms"
    },
    {
      "tag": "diabetes",
      "patterns": [
        "I feel thirsty all the time",
        "Frequent urination",
        "My wounds heal slowly",
        "Unexplained weight loss",
        "I feel tired constantly"
      ],
      "responses": [
        "These are signs of diabetes. You should get your blood sugar tested and consult a healthcare provider for management and dietary plans."
      ],
      "category": "Symptoms"
    },
    {
      "tag": "dehydration",
      "patterns": [
        "I feel dizzy and my mouth is dry",
        "Dark yellow urine",
        "I'm not sweating much",
        "I feel faint and tired",
        "Am I dehydrated?"
      ],
      "responses": [
        "You might be dehydrated. Increase fluid intake, especially water and electrolytes. Avoid caffeine or alcohol and rest in a cool area."
      ],
      "category": "Symptoms"
    },
    {
      "tag": "anemia",
      "patterns": [
        "I feel tired and pale",
        "I get dizzy when I stand",
        "I\u00e2\u20ac\u2122m short of breath easily",
        "I have brittle nails",
        "Anemia symptoms?"
      ],
      "responses": [
        "These could be symptoms of anemia. Get a blood test done. Eating iron-rich foods like spinach and legumes may help. Consult your doctor."
      ],
      "category": "Symptoms"
    },
    {
      "tag": "urinary_tract_infection",
      "patterns": [
        "It burns when I pee",
        "I have frequent urge to urinate",
        "Lower abdominal pain while urinating",
        "My urine smells bad",
        "UTI symptoms?"
      ],
      "responses": [
        "You may have a UTI. Drink lots of water and consult a doctor. Antibiotics may be required, so avoid self-medication."
      ],
      "category": "Symptoms"
    },
    {
      "tag": "hypertension",
      "patterns": [
        "I have headaches and dizziness",
        "My blood pressure is high",
        "Blurred vision and chest discomfort",
        "I feel stressed and shaky",
        "Hypertension signs?"
      ],
      "responses": [
        "You may be experiencing high blood pressure. Reduce salt, exercise regularly, and get your BP monitored. Consult a doctor for long-term care."
      ],
      "category": "Symptoms"
    },
    {
      "tag": "depression",
      "patterns": [
        "I feel sad and hopeless",
        "I have lost interest in everything",
        "Nothing makes me happy",
        "I'm always tired and don't sleep well",
        "Depression symptoms?"
      ],
      "responses": [
        "You could be dealing with depression. It's important to talk to a mental health professional. You're not alone, and help is available."
      ],
      "category": "Symptoms"
    },
    {
      "tag": "back_pain",
      "patterns": [
        "I have lower back pain",
        "My back hurts when I bend",
        "Stiffness in my back",
        "Pain after lifting heavy things",
        "Back ache symptoms"
      ],
      "responses": [
        "Back pain is often caused by poor posture or muscle strain. Rest, use hot/cold compresses, stretch gently, and consult a doctor if it persists."
      ],
      "category": "Symptoms"
    },
    {
      "tag": "indigestion",
      "patterns": [
        "I feel bloated after meals",
        "I burp a lot",
        "I have stomach discomfort",
        "Acidity and gas after eating",
        "Is this indigestion?"
      ],
      "responses": [
        "You might be experiencing indigestion. Eat smaller meals, avoid spicy foods, and drink plenty of water. Consult a doctor if it becomes regular."
      ],
      "category": "Symptoms"
    },
    {
      "tag": "appendicitis",
      "patterns": [
        "Severe pain on right side of abdomen",
        "I feel nauseous with abdominal pain",
        "Pain gets worse when I move",
        "I have fever and stomach pain",
        "Appendix problem?"
      ],
      "responses": [
        "These may be signs of appendicitis, which is a medical emergency. Visit the nearest hospital immediately for proper diagnosis and treatment."
      ],
      "category": "Symptoms"
    },
    {
      "tag": "skin_rash",
      "patterns": [
        "I have red itchy skin",
        "There are bumps on my arm",
        "Rash after using new soap",
        "Allergic skin reaction",
        "Why is my skin irritated?"
      ],
      "responses": [
        "Skin rashes can be caused by allergies, infections, or irritants. Apply soothing lotion, avoid scratching, and visit a dermatologist if it spreads."
      ],
      "category": "Symptoms"
    },
    {
      "tag": "ear_infection",
      "patterns": [
        "My ear hurts",
        "I can't hear properly",
        "Fluid coming from ear",
        "Ear pain with fever",
        "Ear is swollen and red"
      ],
      "responses": [
        "This could be an ear infection. Avoid inserting anything in the ear, keep it dry, and consult an ENT specialist for treatment."
      ],
      "category": "Symptoms"
    },
    {
      "tag": "insomnia",
      "patterns": [
        "I can't sleep",
        "I wake up frequently at night",
        "I feel tired despite sleeping",
        "Trouble falling asleep",
        "Sleep disorder symptoms"
      ],
      "responses": [
        "You may be experiencing insomnia. Avoid caffeine at night, maintain a sleep schedule, and practice relaxation techniques. If it persists, seek medical advice."
      ],
      "category": "Symptoms"
    },
    {
      "tag": "thyroid_issues",
      "patterns": [
        "Unexplained weight gain",
        "Hair fall and fatigue",
        "I feel cold all the time",
        "Swelling in the neck",
        "Thyroid symptoms?"
      ],
      "responses": [
        "These could be signs of a thyroid disorder. A blood test for TSH, T3, and T4 levels is recommended. Consult an endocrinologist for further care."
      ],
      "category": "Symptoms"
    },
    {
      "tag": "greeting",
      "patterns": [
        "Hi",
        "Hello",
        "How are you?",
        "Is anyone there?",
        "Good day"
      ],
      "responses": [
        "Hello! How can I assist you today?",
        "Hi there! What can I help you with?"
      ],
      "category": "General"
    },
    {
      "tag": "goodbye",
      "patterns": [
        "Bye",
        "See you later",
        "Goodbye",
        "Take care"
      ],
      "responses": [
        "Goodbye! Take care and stay healthy!",
        "See you later! Don't hesitate to reach out if you need help."
      ],
      "category": "General"
    },
    {
      "tag": "thanks",
      "patterns": [
        "Thanks",
        "Thank you",
        "That's helpful",
        "I appreciate it"
      ],
      "responses": [
        "You're welcome! If you have any more questions, feel free to ask.",
        "Glad to help! Let me know if there's anything else."
      ],
      "category": "General"
    },
    {
      "tag": "noanswer",
      "patterns": [
        "I don't know",
        "I have no idea",
        "Not sure about that",
        "Can't say"
      ],
      "responses": [
        "I'm here to help! If you have any other questions, just let me know.",
        "No worries! Feel free to ask anything else."
      ],
      "category": "General"
    },
    {
      "tag": "options",
      "patterns": [
        "What can you do?",
        "Tell me your features",
        "What are your capabilities?",
        "How can you assist me?"
      ],
      "responses": [
        "I can help with health-related queries, provide information on symptoms, and suggest general wellness tips. How can I assist you today?"
      ],
      "category": "General"
    },
    {
      "tag": "appointment",
      "patterns": ["I want to book a doctor's appointment", "schedule visit", "book appointment"],
      "responses": ["Sure, please provide your name, date, and time for the appointment."],
      "category": "Appointment"
    },
    {
      "tag": "reminder",
      "patterns": ["Set a medication reminder", "Remind me to take medicine", "Add pill reminder"],
      "responses": ["Sure, tell me the medication name, time, and frequency."],
      "category": "Reminder"
    },
    {
      "tag": "feedback",
      "patterns": ["I want to give feedback", "How can I provide feedback?", "Send my comments"],
      "responses": ["Please share your feedback, and I'll make sure it reaches the right team."],
      "category": "Feedback"
    },
    {
      "tag": "emergency",
      "patterns": [
        "I need help",
        "Emergency situation",
        "Call for help",
        "Urgent medical assistance"
      ],
      "responses": [
        "In case of an emergency, please call your local emergency services immediately.",
        "Stay calm and provide as much information as possible to the operator."
      ],
      "category": "General"
    }    
  ]
}