{
  "first_aid": [
    {
      "tag": "burn",
      "patterns": [
        "I burned myself",
        "burn injury",
        "hot water burn",
        "fire burn",
        "skin burn from stove",
        "I touched something hot"
      ],
      "responses": [
        "Run cool (not cold) water over the burn for 10-15 minutes or apply a clean, cool, wet cloth.",
        "Do not apply ice, butter, or any ointments.",
        "Cover the burn with a sterile, non-adhesive bandage or clean cloth.",
        "Seek medical attention if the burn is large, blistering, or caused by chemicals/electricity."
      ]
    },
    {
      "tag": "fracture",
      "patterns": [
        "I think I broke my bone",
        "Possible fracture",
        "I fell and hurt my arm",
        "swollen and painful bone",
        "broken leg",
        "bone injury"
      ],
      "responses": [
        "Immobilize the affected area and do not try to realign the bone.",
        "Apply a cold pack to reduce swelling.",
        "Elevate the limb if possible.",
        "Seek immediate medical attention or go to the emergency room."
      ]
    },
    {
      "tag": "nosebleed",
      "patterns": [
        "My nose is bleeding",
        "How to stop a nosebleed",
        "Blood coming from nose",
        "I got hit in the nose",
        "nose injury"
      ],
      "responses": [
        "Sit up straight and lean forward slightly. Do not tilt your head back.",
        "Pinch the soft part of your nose shut with your thumb and index finger.",
        "Hold for 10 minutes while breathing through your mouth.",
        "Avoid blowing your nose or bending down for several hours afterward."
      ]
    },
    {
      "tag": "choking",
      "patterns": [
        "Someone is choking",
        "He can't breathe",
        "food stuck in throat",
        "choking on something",
        "blocked airway"
      ],
      "responses": [
        "Ask the person if they can speak or cough. If not, they may be choking.",
        "Call emergency services immediately.",
        "Perform abdominal thrusts (Heimlich maneuver) if trained.",
        "If the person becomes unresponsive, begin CPR and continue until help arrives."
      ]
    },
    {
      "tag": "sprain",
      "patterns": [
        "I twisted my ankle",
        "My wrist is swollen",
        "possible sprain",
        "ankle injury",
        "fell and twisted leg"
      ],
      "responses": [
        "Use the R.I.C.E. method: Rest, Ice, Compression, Elevation.",
        "Apply ice for 15–20 minutes every 2–3 hours for the first 48 hours.",
        "Wrap the area with an elastic bandage but don’t cut off circulation.",
        "Avoid putting weight on the affected joint and seek medical advice if swelling or pain persists."
      ]
    },
    {
      "tag": "bee_sting",
      "patterns": [
        "I got stung by a bee",
        "bee sting",
        "swelling after insect sting",
        "painful sting on my skin"
      ],
      "responses": [
        "Remove the stinger as quickly as possible using a scraping motion.",
        "Wash the area with soap and water.",
        "Apply a cold pack to reduce swelling and pain.",
        "Take an antihistamine if needed. Seek emergency care if you experience difficulty breathing or swelling of the face or throat."
      ]
    },
    {
      "tag": "fainting",
      "patterns": [
        "Someone fainted",
        "I blacked out",
        "lost consciousness",
        "feeling dizzy and fell",
        "I passed out"
      ],
      "responses": [
        "Lay the person flat on their back and elevate their legs.",
        "Loosen any tight clothing and make sure there is fresh air.",
        "Do not give them anything to eat or drink until they regain full consciousness.",
        "If the person does not regain consciousness within 1 minute, call emergency services."
      ]
    },
    {
      "tag": "cuts",
      "patterns": [
        "I have a deep cut",
        "bleeding wound",
        "cut from knife",
        "I injured my finger",
        "open wound"
      ],
      "responses": [
        "Clean the wound with clean water to remove debris.",
        "Apply direct pressure with a sterile bandage to stop bleeding.",
        "Apply an antibiotic ointment and cover the cut.",
        "Seek medical help if the cut is deep, won't stop bleeding, or may require stitches."
      ]
    },
    {
      "tag": "electric_shock",
      "patterns": [
        "I got an electric shock",
        "electrical injury",
        "shock from socket",
        "current passed through me"
      ],
      "responses": [
        "Turn off the power source if it's safe to do so.",
        "Do not touch the person until the power is off.",
        "Check for breathing and pulse; perform CPR if necessary.",
        "Call emergency services immediately."
      ]
    },
    {
      "tag": "seizure",
      "patterns": [
        "Someone is having a seizure",
        "convulsions",
        "body shaking uncontrollably",
        "epileptic attack"
      ],
      "responses": [
        "Move objects away to prevent injury.",
        "Do not restrain the person or put anything in their mouth.",
        "Place them on their side if possible to keep the airway clear.",
        "Stay with them and call emergency services if it lasts more than 5 minutes."
      ]
    },
    {
      "tag": "poisoning",
      "patterns": [
        "I think I was poisoned",
        "ate something toxic",
        "chemical ingestion",
        "accidentally took wrong medicine"
      ],
      "responses": [
        "Call poison control or emergency services immediately.",
        "Do not induce vomiting unless directed by professionals.",
        "If unconscious or having difficulty breathing, perform CPR and seek help immediately.",
        "Keep any containers or labels to show the medical team."
      ]
    },
    {
      "tag": "eye_injury",
      "patterns": [
        "Something got in my eye",
        "eye injury",
        "chemical in my eye",
        "my eye is bleeding"
      ],
      "responses": [
        "Rinse the eye with clean water or saline for at least 15 minutes.",
        "Do not rub the eye or try to remove any embedded object.",
        "Cover the eye with a clean cloth and seek immediate medical help.",
        "For chemical injuries, flush continuously and rush to emergency care."
      ]
    },
    {
      "tag": "asthma_attack",
      "patterns": [
        "I'm having an asthma attack",
        "can't breathe properly",
        "shortness of breath",
        "chest tightness"
      ],
      "responses": [
        "Help the person sit upright and stay calm.",
        "Assist them with their inhaler (usually a quick-relief inhaler).",
        "If symptoms do not improve after inhaler use, call emergency services.",
        "Do not leave the person alone until help arrives."
      ]
    },
    {
      "tag": "heatstroke",
      "patterns": [
        "I feel overheated",
        "dizzy and sweating a lot",
        "heatstroke symptoms",
        "exhausted in sun"
      ],
      "responses": [
        "Move the person to a cooler environment immediately.",
        "Apply cool, wet cloths or use a fan to lower body temperature.",
        "Give sips of water if conscious and alert.",
        "Seek emergency help if confusion, vomiting, or unconsciousness occurs."
      ]
    },
    {
      "tag": "hypothermia",
      "patterns": [
        "I'm freezing",
        "too cold and shivering",
        "extremely cold exposure",
        "possible hypothermia"
      ],
      "responses": [
        "Move to a warm, dry area immediately.",
        "Remove any wet clothing and cover with warm blankets.",
        "Use body heat or warm drinks (non-alcoholic, non-caffeinated) if alert.",
        "Call for emergency help immediately."
      ]
    },
    {
      "tag": "snake_bite",
      "patterns": [
        "I was bitten by a snake",
        "venomous snake bite",
        "poisonous bite",
        "swelling after snake bite"
      ],
      "responses": [
        "Keep the person calm and still to slow the spread of venom.",
        "Keep the affected limb immobilized and below heart level.",
        "Do not suck out the venom or apply a tourniquet.",
        "Call emergency services and seek antivenom treatment ASAP."
      ]
    },
    {
      "tag": "drowning",
      "patterns": [
        "Someone is drowning",
        "person under water",
        "can't swim",
        "fell in pool"
      ],
      "responses": [
        "Call for emergency help immediately.",
        "Only enter the water if it's safe and you’re trained to do so.",
        "If rescued, check for breathing and pulse.",
        "Begin CPR if unresponsive until help arrives."
      ]
    },
    {
      "tag": "dog_bite",
      "patterns": [
        "I was bitten by a dog",
        "dog bite wound",
        "bleeding from dog bite",
        "injured by stray dog"
      ],
      "responses": [
        "Clean the wound with soap and running water for 5-10 minutes.",
        "Apply an antiseptic and cover the wound.",
        "Seek medical attention and get a tetanus/rabies shot if needed.",
        "Report the bite to local authorities if the dog was stray or unknown."
      ]
    },
    {
      "tag": "tooth_knocked_out",
      "patterns": [
        "I lost a tooth in a fall",
        "tooth got knocked out",
        "my tooth came out",
        "dental injury"
      ],
      "responses": [
        "Hold the tooth by the crown (top), not the root.",
        "Rinse it with clean water but do not scrub.",
        "Try to place it back in the socket or keep it in milk.",
        "Seek immediate dental care within 30 minutes for best results."
      ]
    },
    {
      "tag": "head_injury",
      "patterns": [
        "I hit my head",
        "possible concussion",
        "bleeding from head",
        "head trauma"
      ],
      "responses": [
        "Apply cold compress to reduce swelling.",
        "Monitor for signs of concussion: nausea, confusion, drowsiness.",
        "Do not let the person sleep if symptoms are worsening.",
        "Seek medical help if there's bleeding, unconsciousness, or confusion."
      ]
    }
  ]
}
