{
    "health_faq": [
      {
        "tag": "healthy_diet",
        "patterns": [
          "What is a healthy diet?",
          "Best food to stay fit?",
          "How should I eat to stay healthy?",
          "Tell me about balanced diet",
          "Foods that boost immunity"
        ],
        "responses": [
          "A healthy diet includes a balance of fruits, vegetables, whole grains, lean proteins, and healthy fats. Limit processed foods, sugary drinks, and red meats. Stay hydrated and eat in moderation for overall wellness."
        ]
      },
      {
        "tag": "exercise_benefits",
        "patterns": [
          "Why is exercise important?",
          "Benefits of physical activity",
          "Should I workout daily?",
          "How does exercise help the body?",
          "Effects of regular exercise"
        ],
        "responses": [
          "Regular exercise improves heart health, strengthens muscles, boosts mood, enhances immunity, and helps manage weight. Aim for at least 150 minutes of moderate exercise each week."
        ]
      },
      {
        "tag": "hydration",
        "patterns": [
          "How much water should I drink daily?",
          "Importance of staying hydrated",
          "Is drinking more water good?",
          "Signs of dehydration",
          "Best way to stay hydrated"
        ],
        "responses": [
          "Drinking 2–3 liters (8–12 cups) of water per day is generally recommended. Staying hydrated improves energy, skin health, digestion, and brain function. Increase intake during heat or physical activity."
        ]
      },
      {
        "tag": "sleep_health",
        "patterns": [
          "How much sleep do I need?",
          "Tips for better sleep",
          "Why is sleep important?",
          "I can't sleep well",
          "Healthy sleeping habits"
        ],
        "responses": [
          "Adults need 7–9 hours of quality sleep nightly. Good sleep boosts memory, immunity, and mood. Maintain a consistent sleep schedule, avoid screens before bed, and create a calm environment."
        ]
      },
      {
        "tag": "mental_health",
        "patterns": [
          "How can I manage stress?",
          "Tips for mental well-being",
          "I feel anxious and low",
          "What is self-care?",
          "Ways to improve emotional health"
        ],
        "responses": [
          "To support mental health, practice mindfulness, exercise regularly, talk to supportive people, take breaks, and seek therapy if needed. Self-care is vital for emotional resilience and balance."
        ]
      },
      {
        "tag": "weight_loss",
        "patterns": [
          "How to lose weight safely?",
          "Best way to reduce fat",
          "I want to lose belly fat",
          "Tips to slim down",
          "Healthy weight loss plan"
        ],
        "responses": [
          "Focus on a calorie-controlled diet rich in whole foods, combined with regular exercise. Avoid crash diets. Consistency and lifestyle changes are key to healthy and sustainable weight loss."
        ]
      },
      {
        "tag": "diabetes_info",
        "patterns": [
          "What is diabetes?",
          "Symptoms of high blood sugar",
          "Can diabetes be reversed?",
          "Diet for diabetic people",
          "Living with diabetes"
        ],
        "responses": [
          "Diabetes is a condition where blood sugar levels are too high. Common symptoms include thirst, fatigue, and frequent urination. Healthy eating, regular exercise, and medication help manage it effectively."
        ]
      },
      {
        "tag": "heart_health",
        "patterns": [
          "How to keep my heart healthy?",
          "Heart-friendly foods",
          "Tips to avoid heart attack",
          "What causes heart disease?",
          "Heart health advice"
        ],
        "responses": [
          "Eat a heart-healthy diet low in saturated fats, exercise regularly, avoid smoking, and manage stress and blood pressure. Regular checkups and a healthy weight also reduce heart disease risk."
        ]
      },
      {
        "tag": "skin_care",
        "patterns": [
          "How to take care of my skin?",
          "Skincare routine tips",
          "Prevent acne naturally",
          "Best food for glowing skin",
          "Daily skincare advice"
        ],
        "responses": [
          "Cleanse daily, moisturize, use sunscreen, and stay hydrated. A diet rich in fruits, omega-3s, and low sugar helps skin health. Avoid touching your face frequently and always remove makeup before sleep."
        ]
      },
      {
        "tag": "cold_and_flu",
        "patterns": [
          "How to treat cold at home?",
          "Symptoms of flu",
          "Natural remedies for cough",
          "Cold vs flu",
          "Prevent catching cold"
        ],
        "responses": [
          "Rest, stay hydrated, use warm fluids, and inhale steam for congestion. Over-the-counter meds can ease symptoms. Handwashing and avoiding close contact help prevent transmission."
        ]
      },
      {
        "tag": "immunity_boost",
        "patterns": [
          "How to improve immunity?",
          "Best immunity boosters",
          "Can food increase immunity?",
          "Tips for stronger immune system",
          "Immunity during pandemic"
        ],
        "responses": [
          "Eat nutrient-rich foods (especially vitamin C, D, and zinc), stay active, sleep well, manage stress, and stay vaccinated. Avoid smoking and limit alcohol for better immune response."
        ]
      },
      {
        "tag": "covid_care",
        "patterns": [
          "What are COVID symptoms?",
          "Precautions for coronavirus",
          "When to test for COVID?",
          "Isolation tips for COVID",
          "How to recover from COVID?"
        ],
        "responses": [
          "Symptoms include fever, cough, fatigue, and loss of smell. Isolate, rest, stay hydrated, monitor oxygen, and seek medical care if symptoms worsen. Follow local health authority guidelines."
        ]
      },
      {
        "tag": "blood_pressure",
        "patterns": [
          "What is high blood pressure?",
          "How to control BP?",
          "Symptoms of hypertension",
          "Diet for blood pressure",
          "Risks of low BP"
        ],
        "responses": [
          "High blood pressure can lead to heart disease and stroke. Reduce salt, exercise regularly, manage stress, and take medications as prescribed. Regular monitoring is essential."
        ]
      },
      {
        "tag": "cholesterol",
        "patterns": [
          "What is cholesterol?",
          "How to reduce cholesterol?",
          "Good vs bad cholesterol",
          "Foods that lower cholesterol",
          "Cholesterol symptoms"
        ],
        "responses": [
          "Cholesterol is a fat-like substance in blood. LDL is bad; HDL is good. Avoid fried foods, eat oats, nuts, and exercise regularly. High cholesterol usually has no symptoms, so test regularly."
        ]
      },
      {
        "tag": "period_care",
        "patterns": [
          "How to manage period pain?",
          "Irregular periods cause",
          "Best hygiene during menstruation",
          "Foods to avoid during period",
          "Period advice for teens"
        ],
        "responses": [
          "Use heat pads, stay active, hydrate, and avoid caffeine for cramps. Maintain hygiene with regular pad changes and consider consulting a gynecologist if cycles are irregular."
        ]
      },
      {
        "tag": "pregnancy_tips",
        "patterns": [
          "How to stay healthy during pregnancy?",
          "What should pregnant women eat?",
          "Exercise during pregnancy",
          "Pregnancy do's and don'ts",
          "First trimester care"
        ],
        "responses": [
          "Eat a balanced diet, take prenatal vitamins, stay hydrated, and avoid alcohol and smoking. Gentle exercise and regular checkups ensure a healthy pregnancy. Always follow your doctor’s advice."
        ]
      },
      {
        "tag": "back_pain",
        "patterns": [
          "How to relieve back pain?",
          "Lower back pain remedy",
          "Why does my back hurt?",
          "Stretches for back pain",
          "Sitting posture for back pain"
        ],
        "responses": [
          "Use proper posture, avoid long sitting hours, do stretches, and apply heat or cold. Strengthen core muscles and consider physical therapy if pain persists. Ergonomic furniture helps too."
        ]
      },
      {
        "tag": "eye_care",
        "patterns": [
          "How to protect my eyes?",
          "Eye exercises for computer users",
          "Avoid eye strain",
          "Best food for eyesight",
          "I have dry eyes"
        ],
        "responses": [
          "Follow the 20-20-20 rule: every 20 minutes, look 20 feet away for 20 seconds. Blink often, use proper lighting, and eat vitamin A-rich foods like carrots. Use artificial tears for dry eyes."
        ]
      },
      {
        "tag": "vitamin_deficiency",
        "patterns": [
          "Symptoms of vitamin deficiency",
          "Do I need supplements?",
          "Vitamin D importance",
          "Lack of vitamin C effects",
          "How to fix low B12?"
        ],
        "responses": [
          "Fatigue, weak immunity, hair loss, or brittle nails can indicate deficiencies. Include a variety of fruits, vegetables, and fortified foods in your diet. Get tested before starting supplements."
        ]
      },
      {
        "tag": "digestion_tips",
        "patterns": [
          "How to improve digestion?",
          "Foods for better gut health",
          "Home remedies for indigestion",
          "Why do I feel bloated?",
          "Tips for constipation"
        ],
        "responses": [
          "Eat fiber-rich foods, drink plenty of water, chew slowly, and avoid overeating. Probiotics like yogurt help. Stay active and manage stress for better gut function."
        ]
      }
    ]
  }
  