{
    "symptoms": [
      {
        "tag": "flu",
        "patterns": ["I have fever and chills", "Sore throat and cough", "I'm feeling weak and shivery", "I think I caught the flu", "My body aches with a runny nose"],
        "responses": ["You might have the flu. Stay hydrated, rest, and consider over-the-counter medications. If symptoms persist beyond a few days or worsen, consult a doctor."]
      },
      {
        "tag": "cold",
        "patterns": ["I have a runny nose and sneezing", "I'm coughing a lot", "My nose is blocked", "Mild fever with sore throat", "I think I have a cold"],
        "responses": ["Sounds like a common cold. Stay warm, drink warm fluids, and rest. Use steam inhalation and nasal drops if needed."]
      },
      {
        "tag": "migraine",
        "patterns": ["I have a severe headache", "Bright lights hurt my eyes", "I'm nauseous with headache", "Pulsating pain on one side of the head", "Is this a migraine?"],
        "responses": ["This might be a migraine. Rest in a quiet dark room, avoid screens, and take prescribed pain relievers. Seek medical advice if frequent."]
      },
      {
        "tag": "covid",
        "patterns": ["I lost my sense of smell", "I have a dry cough and fever", "I feel short of breath", "COVID symptoms?", "My throat hurts and I feel tired"],
        "responses": ["These could be COVID-19 symptoms. Get tested immediately, isolate yourself, and follow local health authority guidelines."]
      },
      {
        "tag": "food_poisoning",
        "patterns": ["I have stomach cramps and diarrhea", "I vomited after eating", "I feel nauseous after a meal", "Bad food made me sick", "Am I food poisoned?"],
        "responses": ["This sounds like food poisoning. Stay hydrated, avoid solid foods temporarily, and visit a doctor if symptoms are severe or prolonged."]
      },
      {
        "tag": "allergy",
        "patterns": ["I sneeze when I'm near dust", "My eyes are itchy and watery", "I think I have seasonal allergies", "I get rashes after eating peanuts", "I have allergic reactions"],
        "responses": ["It may be an allergy. Avoid known triggers, use antihistamines, and consult a doctor for allergy tests and long-term care."]
      },
      {
        "tag": "asthma",
        "patterns": ["I feel breathless often", "I'm wheezing and coughing", "Tightness in my chest", "I can't breathe during exercise", "Asthma symptoms?"],
        "responses": ["These symptoms may indicate asthma. Use prescribed inhalers, avoid allergens, and consult a pulmonologist for proper diagnosis."]
      },
      {
        "tag": "diabetes",
        "patterns": ["I feel thirsty all the time", "Frequent urination", "My wounds heal slowly", "Unexplained weight loss", "I feel tired constantly"],
        "responses": ["These are signs of diabetes. You should get your blood sugar tested and consult a healthcare provider for management and dietary plans."]
      },
      {
        "tag": "dehydration",
        "patterns": ["I feel dizzy and my mouth is dry", "Dark yellow urine", "I'm not sweating much", "I feel faint and tired", "Am I dehydrated?"],
        "responses": ["You might be dehydrated. Increase fluid intake, especially water and electrolytes. Avoid caffeine or alcohol and rest in a cool area."]
      },
      {
        "tag": "anemia",
        "patterns": ["I feel tired and pale", "I get dizzy when I stand", "I’m short of breath easily", "I have brittle nails", "Anemia symptoms?"],
        "responses": ["These could be symptoms of anemia. Get a blood test done. Eating iron-rich foods like spinach and legumes may help. Consult your doctor."]
      },
      {
        "tag": "urinary_tract_infection",
        "patterns": ["It burns when I pee", "I have frequent urge to urinate", "Lower abdominal pain while urinating", "My urine smells bad", "UTI symptoms?"],
        "responses": ["You may have a UTI. Drink lots of water and consult a doctor. Antibiotics may be required, so avoid self-medication."]
      },
      {
        "tag": "hypertension",
        "patterns": ["I have headaches and dizziness", "My blood pressure is high", "Blurred vision and chest discomfort", "I feel stressed and shaky", "Hypertension signs?"],
        "responses": ["You may be experiencing high blood pressure. Reduce salt, exercise regularly, and get your BP monitored. Consult a doctor for long-term care."]
      },
      {
        "tag": "depression",
        "patterns": ["I feel sad and hopeless", "I have lost interest in everything", "Nothing makes me happy", "I'm always tired and don't sleep well", "Depression symptoms?"],
        "responses": ["You could be dealing with depression. It's important to talk to a mental health professional. You're not alone, and help is available."]
      },
      {
        "tag": "back_pain",
        "patterns": ["I have lower back pain", "My back hurts when I bend", "Stiffness in my back", "Pain after lifting heavy things", "Back ache symptoms"],
        "responses": ["Back pain is often caused by poor posture or muscle strain. Rest, use hot/cold compresses, stretch gently, and consult a doctor if it persists."]
      },
      {
        "tag": "indigestion",
        "patterns": ["I feel bloated after meals", "I burp a lot", "I have stomach discomfort", "Acidity and gas after eating", "Is this indigestion?"],
        "responses": ["You might be experiencing indigestion. Eat smaller meals, avoid spicy foods, and drink plenty of water. Consult a doctor if it becomes regular."]
      },
      {
        "tag": "appendicitis",
        "patterns": ["Severe pain on right side of abdomen", "I feel nauseous with abdominal pain", "Pain gets worse when I move", "I have fever and stomach pain", "Appendix problem?"],
        "responses": ["These may be signs of appendicitis, which is a medical emergency. Visit the nearest hospital immediately for proper diagnosis and treatment."]
      },
      {
        "tag": "skin_rash",
        "patterns": ["I have red itchy skin", "There are bumps on my arm", "Rash after using new soap", "Allergic skin reaction", "Why is my skin irritated?"],
        "responses": ["Skin rashes can be caused by allergies, infections, or irritants. Apply soothing lotion, avoid scratching, and visit a dermatologist if it spreads."]
      },
      {
        "tag": "ear_infection",
        "patterns": ["My ear hurts", "I can't hear properly", "Fluid coming from ear", "Ear pain with fever", "Ear is swollen and red"],
        "responses": ["This could be an ear infection. Avoid inserting anything in the ear, keep it dry, and consult an ENT specialist for treatment."]
      },
      {
        "tag": "insomnia",
        "patterns": ["I can't sleep", "I wake up frequently at night", "I feel tired despite sleeping", "Trouble falling asleep", "Sleep disorder symptoms"],
        "responses": ["You may be experiencing insomnia. Avoid caffeine at night, maintain a sleep schedule, and practice relaxation techniques. If it persists, seek medical advice."]
      },
      {
        "tag": "thyroid_issues",
        "patterns": ["Unexplained weight gain", "Hair fall and fatigue", "I feel cold all the time", "Swelling in the neck", "Thyroid symptoms?"],
        "responses": ["These could be signs of a thyroid disorder. A blood test for TSH, T3, and T4 levels is recommended. Consult an endocrinologist for further care."]
      },
    {
        "tag": "greeting",
        "patterns": ["Hi", "Hello", "How are you?", "Is anyone there?", "Good day"],
        "responses": ["Hello! How can I assist you today?", "Hi there! What can I help you with?"]
    },
    {
        "tag": "goodbye",
        "patterns": ["Bye", "See you later", "Goodbye", "Take care"],
        "responses": ["Goodbye! Take care and stay healthy!", "See you later! Don't hesitate to reach out if you need help."]
    },
    {
        "tag": "thanks",
        "patterns": ["Thanks", "Thank you", "That's helpful", "I appreciate it"],
        "responses": ["You're welcome! If you have any more questions, feel free to ask.", "Glad to help! Let me know if there's anything else."]
    },
    {
        "tag": "noanswer",
        "patterns": ["I don't know", "I have no idea", "Not sure about that", "Can't say"],
        "responses": ["I'm here to help! If you have any other questions, just let me know.", "No worries! Feel free to ask anything else."]
    },
    {
        "tag": "options",
        "patterns": ["What can you do?", "Tell me your features", "What are your capabilities?", "How can you assist me?"],
        "responses": ["I can help with health-related queries, provide information on symptoms, and suggest general wellness tips. How can I assist you today?"]
    }
  ]
}